region,stateNumberCode,state,countyCode,county,programArea,projectIdentifier,projectType,projectTitle,projectCounties,numberOfProperties,numberOfFinalProperties,status,subgrantee,costSharePercentage,projectAmount,federalShareObligated,programFy,dateInitiallyApproved,dateApproved,dateClosed,granteeTribalIndicator,grantee,disasterNumber,benefitCostRatio,netValueBenefits,subgranteeTribalIndicator,hash,lastRefresh,id
10,53,Washington,33,King,HMGP,DR-1817-0008-R,200.1: Acquisition of Private Real Property (Structures and Land) - Riverine,,KING,3,3,Closed,King (County),0.75,637302,477977,1990,2009-10-23T04:00:00.000Z,2013-01-04T05:00:00.000Z,2017-05-01T04:00:00.000Z,0,Statewide,1817,0,0,0,0c8ebf3c5842952d3813c72de9a4c608b6ed945a,2021-07-14T16:37:46.903Z,6081a685a0ee349d71357b3d
10,53,Washington,33,King,HMGP,DR-1734-0005-P,94.1: Tribal Multihazard Mitigation Plan,,KING,0,0,Closed,SNOQUALMIE INDIAN TRIBE,0.75,61863,46397,1990,2008-09-16T04:00:00.000Z,2014-10-21T04:00:00.000Z,2014-10-24T04:00:00.000Z,0,Statewide,1734,0,0,0,43b5125fbf64f986c3a3f5a286496b99ce7ba6e4,2021-07-14T16:37:34.752Z,6081a685a0ee349d71357d8c
10,53,Washington,33,King,HMGP,DR-1817-0028-R,202.1: Elevation of Private Structures - Riverine,,KING,25,19,Closed,Snoqualmie,0.75,2429653,1822240,1990,2011-02-24T05:00:00.000Z,2018-09-07T04:00:00.000Z,2018-09-11T04:00:00.000Z,0,Statewide,1817,1.156,3029464,0,3b9d54932920304e0c3bdcf99a601c3cc6ba686e,2021-07-14T16:37:46.908Z,6081a685a0ee349d71357e88
10,53,Washington,33,King,HMGP,DR-1817-0019-R,202.1: Elevation of Private Structures - Riverine,,KING,6,5,Closed,Issaquah,0.75,1031555,773665,1991,2010-08-18T04:00:00.000Z,2013-01-11T05:00:00.000Z,2013-09-18T04:00:00.000Z,0,Statewide,1817,1.562,1610780,0,61b1f508c545dbd3f1350c6aef8af944431f72c1,2021-07-14T16:37:44.498Z,6081a686a0ee349d71358635
10,53,Washington,33,King,HMGP,DR-1963-0005-R,"200.1: Acquisition of Private Real Property (Structures and Land) - Riverine; 
403.4: Stormwater Management - Detention/Retention Basins",,KING,1,1,Closed,King (County),0.75,957574,718181,1991,2013-03-19T04:00:00.000Z,2013-03-19T04:00:00.000Z,2019-04-26T04:00:00.000Z,0,Statewide,1963,1.502,1777652,0,8ec65f479622614e4b3ed1e4665c0f07e67c6c0f,2021-07-14T16:37:47.974Z,6081a686a0ee349d713587d5
10,53,Washington,33,King,PDM,PDMC-PJ-10-WA-2018-010,"205.5: Structural Retrofitting/Rehabilitating Private Structures - Seismic; 
700.1: Management Costs - Salaries",,KING,1,1,Obligated,City of Seattle,0.75,5016312.48,3762234.36,1991,2020-05-01T15:52:00.000Z,2020-04-11T01:44:39.000Z,,0,Washington Emergency Management Division,,1.56,6131707,0,acb138789331019b64e5782fab6a8a7778662a0d,2021-07-14T16:38:01.198Z,6081a686a0ee349d71358858
10,53,Washington,33,King,FMA,FMA-PJ-10-WA-2006-001,200.1: Acquisition of Private Real Property (Structures and Land) - Riverine,,KING,1,1,Obligated,King County Water & Land Resources Division,0.7,14368.6,10058.02,1991,2006-07-31T04:00:00.000Z,2006-07-21T21:41:41.000Z,,0,Washington State Emergency Management Division,,0,,0,8fa65d4f462503095b75f6a000f23e33a755e64a,2021-07-14T16:38:01.706Z,6081a687a0ee349d71359077
10,53,Washington,33,King,PDM,DR-9427-F001-F,90.4: Mitigation Plan - Local Multihazard Mitigation Plan,,KING,0,0,Approved,UNIVERSITY OF WASHINGTON,0.64,466949,300000,1991,,2004-07-01T04:00:00.000Z,,,,9427,0,0,,d6ca6e29e2447e4467e5d106438d4f23d2b72b80,2021-07-14T16:37:38.680Z,6081a688a0ee349d71359cae
10,53,Washington,33,King,HMGP,DR-1361-0071-R,205.6: Structural Retrofitting/Rehabilitating Public Structures - Seismic,,KING,4,4,Closed,HIGHLINE WATER DISTRICT,0.75,1230529,922897,1991,2004-06-29T04:00:00.000Z,2004-07-15T04:00:00.000Z,2004-07-15T04:00:00.000Z,0,Statewide,1361,1.944,2670044,0,222c9bc3e01f570f09db9b3f5c3d2918442b4d13,2021-07-14T16:37:53.503Z,6081a688a0ee349d7135a585
10,53,Washington,33,King,HMGP,DR-4253-0004-R,"400.1: Utility Protective Measures (Electric, Gas, etc.); 
600.1: Warning Systems (as a Component of a Planned, Adopted, and Exercised Risk Reduction Plan); 
601.2: Generators - Regular; 
602.1: Other Equipment Purchase and Installation",,KING,0,0,Approved,KING COUNTY WATER DISTRICT # 90,0.75,1100000,825000,1993,2021-04-15T04:00:00.000Z,2021-04-15T04:00:00.000Z,,0,Statewide,4253,1.552,1816891,0,096f3052fbeda94f36c2219990c0f1a2267a16e9,2021-07-14T16:37:52.754Z,6081a689a0ee349d7135a8bd
10,53,Washington,33,King,HMGP,DR-1361-0002-R,205.6: Structural Retrofitting/Rehabilitating Public Structures - Seismic,,KING,1,1,Closed,Seattle,0.75,1200000,900000,1996,2002-06-20T04:00:00.000Z,2006-08-31T04:00:00.000Z,2006-08-31T04:00:00.000Z,0,Statewide,1361,1.325,1590143,0,5dea348b42c0cf64b892b4099096f79b5d950ae6,2021-07-14T16:37:39.397Z,6081a689a0ee349d7135aaec
10,53,Washington,33,King,FMA,FMA-PJ-10WA-1999001,"200.1: Acquisition of Private Real Property (Structures and Land) - Riverine; 
202.1: Elevation of Private Structures - Riverine",,KING,6,6,Closed,"Snoqualmie, City Of",0.75,322839,242130,1996,,1999-08-02T04:00:00.000Z,2002-06-20T04:00:00.000Z,,,,1.578,387854,,e735cd30e168a14955ccf153e3415c531e848adb,2021-07-14T16:37:39.969Z,6081a689a0ee349d7135adc0
10,53,Washington,33,King,HMGP,DR-4539-0001-R,200.1: Acquisition of Private Real Property (Structures and Land) - Riverine,,KING,1,1,Approved,King (County),0.75,1096000,796500,1996,2021-02-19T05:00:00.000Z,2021-02-19T05:00:00.000Z,,0,Statewide,4539,2.399,2192191,0,4178481c2f15a89890e95d22dd7561af389fc843,2021-07-14T16:37:43.531Z,6081a68aa0ee349d7135b89b
10,53,Washington,33,King,HMGP,DR-1361-0041-R,205.4: Non Structural Retrofitting/Rehabilitating Public Structures - Seismic,,KING,3,3,Closed,HIGHLINE WATER DISTRICT,0.75,269424,202068,1996,2002-12-20T05:00:00.000Z,2004-12-07T05:00:00.000Z,2004-12-07T05:00:00.000Z,0,Statewide,1361,3.21,864835,0,803778967f7cdbd921896e6f29cd7e2a96eea75f,2021-07-14T16:37:44.407Z,6081a68aa0ee349d7135c14e
10,53,Washington,33,King,HMGP,DR-1361-0069-R,205.6: Structural Retrofitting/Rehabilitating Public Structures - Seismic,,KING,1,1,Closed,KING COUNTY WATER DISTRICT # 90,0.75,392080,294060,1996,2004-06-23T04:00:00.000Z,2004-07-14T04:00:00.000Z,2004-07-16T04:00:00.000Z,0,Statewide,1361,3.99,2178974,0,2aca03553ed1bb1c0d0b6697e7b50246cb02369a,2021-07-14T16:37:44.411Z,6081a68aa0ee349d7135c15a
10,53,Washington,33,King,HMGP,DR-1361-0070-R,205.6: Structural Retrofitting/Rehabilitating Public Structures - Seismic,,KING,1,1,Closed,LAKEHAVEN UTILITY DISTRICT,0.75,130421,97816,1996,2004-06-23T04:00:00.000Z,2004-07-07T04:00:00.000Z,2004-07-06T04:00:00.000Z,0,Statewide,1361,3.074,400875,0,c3b426f095b6e72c555b4911f0a3c1822f5af07f,2021-07-14T16:37:44.421Z,6081a68aa0ee349d7135c15c
10,53,Washington,33,King,HMGP,DR-1671-0011-R,403.4: Stormwater Management - Detention/Retention Basins,,KING,1,1,Closed,King (County),0.75,344112,258084,1996,2008-09-17T04:00:00.000Z,2013-06-05T04:00:00.000Z,2013-06-07T04:00:00.000Z,0,Statewide,1671,6.066,2087483,0,27914483c6c5b2744f5f2f925fe517103b7a3432,2021-07-14T16:37:41.006Z,6081a68ba0ee349d7135c958
10,53,Washington,33,King,HMGP,DR-1682-0011-R,202.1: Elevation of Private Structures - Riverine,,KING,7,7,Closed,Snoqualmie,0.75,801352,601014,1996,2009-01-08T05:00:00.000Z,2012-11-07T05:00:00.000Z,2013-01-30T05:00:00.000Z,0,Statewide,1682,0.999,808536,0,db00f8c4243142ada07dd8f0828a44dff87d1401,2021-07-14T16:37:41.200Z,6081a68ba0ee349d7135cd72
10,53,Washington,33,King,HMGP,DR-1734-0011-R,"200.1: Acquisition of Private Real Property (Structures and Land) - Riverine; 
202.3: Elevation of Public Structures - Riverine",,KING,17,13,Closed,King (County),0.75,1388117,1041088,1996,2009-06-10T04:00:00.000Z,2015-01-02T05:00:00.000Z,2015-01-15T05:00:00.000Z,0,Statewide,1734,1.438,1995757,0,a4329edb131d07dc24e782bc7bf4fd1c9eda69b8,2021-07-14T16:37:41.432Z,6081a68ca0ee349d7135d224
10,53,Washington,33,King,HMGP,DR-1817-0010-R,200.1: Acquisition of Private Real Property (Structures and Land) - Riverine,,KING,18,18,Closed,King (County),0.75,1354553,1015915,1996,2009-11-16T05:00:00.000Z,2013-01-02T05:00:00.000Z,2012-12-28T05:00:00.000Z,0,Statewide,1817,0,0,0,aa575f25844b420b2bf18322770f4a81c33c62cd,2021-07-14T16:37:57.209Z,6081a68ca0ee349d7135d411
10,53,Washington,33,King,HMGP,DR-1825-0009-R,205.6: Structural Retrofitting/Rehabilitating Public Structures - Seismic,,KING,1,1,Closed,Seattle,0.75,1216143,912108,1996,2011-04-04T04:00:00.000Z,2015-05-01T04:00:00.000Z,2015-05-01T04:00:00.000Z,0,Statewide,1825,2.019,2769933,0,4e7fbd80414babc5b570ba567f16040e54bf399e,2021-07-14T16:37:57.479Z,6081a68ca0ee349d7135d4c6
10,53,Washington,33,King,HMGP,DR-1079-0001-R,200.1: Acquisition of Private Real Property (Structures and Land) - Riverine,,KING,5,5,Closed,CITY OF SNOQUALMIE,0.75,601348,451011,1996,,1997-08-14T04:00:00.000Z,1998-08-21T04:00:00.000Z,,,1079,1.427,1426925,,15882c996204b3d50bf3ed6deb8ffd8cb164594d,2021-07-14T16:37:56.163Z,6081a68da0ee349d7135eb49
10,53,Washington,33,King,HMGP,DR-0852-0001-R,"103.1: Feasibility, Engineering and Design Studies",,KING,0,0,Closed,CITY OF ISSAQUAH,0.5,82464,41232,1997,,1997-05-20T04:00:00.000Z,1997-05-20T04:00:00.000Z,,,852,1.258,853981,,06cd827429ded5552b22556e709870d3b399ecf7,2021-07-14T16:37:43.885Z,6081a68da0ee349d7135eb51
10,53,Washington,33,King,HMGP,DR-1079-0002-R,200.1: Acquisition of Private Real Property (Structures and Land) - Riverine,,KING,6,6,Closed,KING COUNTY,0.75,686531,514898,1997,,1996-04-25T04:00:00.000Z,1998-06-11T04:00:00.000Z,,,1079,1.38,2009895,,d8357d4e6082b0bee53bf024b3aac2e749cb289a,2021-07-14T16:37:43.898Z,6081a68da0ee349d7135eb7e
10,53,Washington,33,King,HMGP,DR-0852-0008-R,403.1: Stormwater Management - Culverts,,KING,0,0,Closed,KING COUNTY,0.5,670824,335412,1997,,1995-09-28T04:00:00.000Z,1996-12-06T05:00:00.000Z,,,852,2.351,1577000,,16a894698c1f0a53aa6801c8f4c75dfcefdf44af,2021-07-14T16:37:44.203Z,6081a68da0ee349d7135eb9e
10,53,Washington,33,King,PDM,PDMC-PJ-10-WA-2005-009,200.1: Acquisition of Private Real Property (Structures and Land) - Riverine,,KING,8,8,Obligated,King County,0.75,1616170,1212097.5,1997,2005-12-06T05:00:00.000Z,2005-09-29T00:58:47.000Z,,0,Emergency Management Division,,1.086,1755102,0,5a45a3e48ddd81183e874dd2cb6505c4d0c518ed,2021-07-14T16:37:47.345Z,6081a68ea0ee349d7135f107
10,53,Washington,33,King,HMGP,DR-1100-0005-R,202.1: Elevation of Private Structures - Riverine,,KING,20,20,Closed,CITY OF SNOQUALMIE,0.75,1268637,951478,1997,,1996-12-18T05:00:00.000Z,2000-08-04T04:00:00.000Z,,,1100,1.292,1124250,,4f456c95d0cbe002cd647c6710a1299b53b5fd8a,2021-07-14T16:37:50.550Z,6081a68fa0ee349d7135fa53
10,53,Washington,33,King,SRL,SRL-PJ-10-WA-2011-002,200.1: Acquisition of Private Real Property (Structures and Land) - Riverine,,KING,1,1,Closed,King County River and Floodplain Management Section,0.9,444920,280231.76,1997,2011-09-23T04:00:00.000Z,2011-09-22T01:16:51.000Z,2015-04-18T04:00:00.000Z,0,Washington State Emergency Management Division,,1.017,972610,0,436dd9ca45a0e8e30c440b57e2877fa9c06ee607,2021-07-14T16:38:02.020Z,6081a68fa0ee349d7135fcef
10,53,Washington,33,King,HMGP,DR-1825-0006-F,800.1: Miscellaneous,,KING,0,0,Closed,Seattle,0.75,202361,151771,1997,2010-09-21T04:00:00.000Z,2015-05-28T04:00:00.000Z,2014-04-06T04:00:00.000Z,0,Statewide,1825,0,0,0,fae9c8e2b519e005f45de951bad674334ee4a596,2021-07-14T16:37:53.260Z,6081a68fa0ee349d7135fe3c
10,53,Washington,33,King,HMGP,DR-1159-0015-R,601.1: Generators,,KING,0,0,Closed,KING COUNTY WATER DISTRICT #111,0.75,173132,129849,1999,,1998-06-18T04:00:00.000Z,2000-09-20T04:00:00.000Z,,,1159,2.121,370915,,c6690c6fe1f8f82269ea0b6c9e2346efd179d6c0,2021-07-14T16:37:50.768Z,6081a68fa0ee349d7135fed6
10,53,Washington,33,King,HMGP,DR-1671-0007-R,"205.4: Non Structural Retrofitting/Rehabilitating Public Structures - Seismic; 
205.6: Structural Retrofitting/Rehabilitating Public Structures - Seismic",,KING,1,1,Closed,Seattle,0.75,649506,487130,2001,2008-07-18T04:00:00.000Z,2012-12-18T05:00:00.000Z,2012-02-12T05:00:00.000Z,0,Statewide,1671,3.134,2035793,0,77d0755a625af953abcc67fa94cc9191508ba15b,2021-07-14T16:37:43.926Z,6081a68fa0ee349d7136005c
10,53,Washington,33,King,HMGP,DR-1671-0012-F,"400.1: Utility Protective Measures (Electric, Gas, etc.)",,KING,0,0,Closed,Seattle,0.75,97179,72884,2001,2008-09-18T04:00:00.000Z,2013-05-03T04:00:00.000Z,2013-04-15T04:00:00.000Z,0,Statewide,1671,0,0,0,4c804c968824ee365ad69f8d837ee0de0164fe07,2021-07-14T16:37:43.925Z,6081a68fa0ee349d7136005e
10,53,Washington,33,King,HMGP,DR-1079-0018-R,200.3: Acquisition of Public Real Property (Structures and Land) - Riverine,,KING,4,4,Closed,KING COUNTY,0.75,1126868,845151,2001,,1998-09-16T04:00:00.000Z,2001-09-15T04:00:00.000Z,,,1079,1.465,1474950,,f4ed4bd34d590edb9712d21d53d92fe757e3ce90,2021-07-14T16:37:50.826Z,6081a68fa0ee349d7136032d
10,53,Washington,33,King,PDM,PDMC-PJ-10-WA-2007-001,205.6: Structural Retrofitting/Rehabilitating Public Structures - Seismic,,KING,1,1,Closed,"University of Washington, Office of Emergency Management",0.75,828316.8,460808.4,2001,2008-04-03T04:00:00.000Z,2008-03-26T01:48:30.000Z,2012-10-17T04:00:00.000Z,0,Washington State Emergency Management Division,,5.796,4551681,0,13b22df3188f6a1061d37b65f2872538584ea1a2,2021-07-14T16:37:53.741Z,6081a690a0ee349d71360ede
10,53,Washington,33,King,SRL,SRL-PJ-10-WA-2011-004,202.1: Elevation of Private Structures - Riverine,,KING,6,6,Closed,City of Snoqualmie,0.9,792030,554448.82,2001,2011-09-23T04:00:00.000Z,2011-09-22T01:17:24.000Z,2015-04-18T04:00:00.000Z,0,Washington State Emergency Management Division,,1.862,1474459,0,21a2cf77577c0204ffdb082904cfc100ff2fa746,2021-07-14T16:37:54.030Z,6081a690a0ee349d71361291
10,53,Washington,33,King,HMGP,DR-4056-0011-R,403.1: Stormwater Management - Culverts,,KING,0,0,Closed,Issaquah,0.75,226000,169500,2001,2014-03-31T04:00:00.000Z,2014-03-31T04:00:00.000Z,0620-07-07T04:56:02.000Z,0,Statewide,4056,2.476,559661,0,2449951bef2d69094bc633a472646f8ca02e0482,2021-07-14T16:37:55.050Z,6081a691a0ee349d71361c24
10,53,Washington,33,King,HMGP,DR-4242-0008-R,403.5: Floodwater Storage and Diversion,,KING,0,0,Closed,Beaux Arts Village,0.75,262400,196800,2001,2019-08-08T04:00:00.000Z,2019-08-08T04:00:00.000Z,2021-06-08T04:00:00.000Z,0,Statewide,4242,1.223,363603,0,b0a5459c093dba308770a0d876ca1cd7c467ccfd,2021-07-14T16:37:59.807Z,6081a693a0ee349d71362e1d
10,53,Washington,33,King,HMGP,DR-1361-0017-R,205.6: Structural Retrofitting/Rehabilitating Public Structures - Seismic,,KING,1,1,Closed,LAKE WASHINGTON TECHNICAL CLG,0.75,72163,54122,2001,2002-08-01T04:00:00.000Z,2004-07-15T04:00:00.000Z,2004-07-15T04:00:00.000Z,0,Statewide,1361,15.345,1643484,0,db5a66f8f7b35b27242d24e9d8b0d86a112441a8,2021-07-14T16:37:41.268Z,6081a693a0ee349d71362fd1
10,53,Washington,33,King,PDM,PDMC-PL-10-WA-2011-005,91.1: Local Multihazard Mitigation Plan,,KING,0,0,Obligated,King County Office of Emergency Management,0.75,532385.8,399289.35,2001,2011-09-23T04:00:00.000Z,2011-09-20T19:34:03.000Z,,0,Washington State Emergency Management Division,,0,,0,82b88b73f6205e0c5900249add385399fb0b5900,2021-07-14T16:37:58.073Z,6081a693a0ee349d71363271
10,53,Washington,33,King,PDM,PDMC-PJ-10-WA-2012-002,404.1: Localized Flood Control System to Protect Critical Facility,,KING,0,0,Closed,Lake Forest Park,0.71,4235038.45,3000000,2001,2012-09-28T04:00:00.000Z,2012-09-21T23:38:19.000Z,2020-03-02T05:00:00.000Z,0,Washington State Emergency Management Division,,1.035,4641150,0,5016f9335089b6d13376b055f2e25212e4f3f228,2021-07-14T16:37:51.225Z,6081a693a0ee349d71363832
10,53,Washington,33,King,PDM,PDMC-PL-10-WA-2008-007,91.1: Local Multihazard Mitigation Plan,,KING,0,0,Closed,City of Snoqualmie,0.75,100000,75000,2001,2008-07-01T04:00:00.000Z,2008-06-25T00:34:40.000Z,2012-02-17T05:00:00.000Z,0,Washington State Emergency Management Division,,0,,0,27d57982a8fe6448016ae9e21a2724321ba817cf,2021-07-14T16:37:52.372Z,6081a694a0ee349d71363eab
10,53,Washington,33,King,HMGP,DR-4168-0006-R,205.4: Non Structural Retrofitting/Rehabilitating Public Structures - Seismic,,KING,1,1,Closed,Auburn,0.75,509017,381762.75,2001,2016-09-12T04:00:00.000Z,2018-08-21T04:00:00.000Z,2020-09-11T04:00:00.000Z,0,Statewide,4168,1.377,709013,0,01c75ca0f022ba9b19d273115499dfd52fee0163,2021-07-14T16:37:32.293Z,6081a694a0ee349d71364181
10,53,Washington,33,King,HMGP,DR-0896-0002-R,403.4: Stormwater Management - Detention/Retention Basins,,KING,0,0,Closed,KING COUNTY,0.32,1086200,193000,2001,,1995-09-25T04:00:00.000Z,1997-05-20T04:00:00.000Z,,,896,1.532,1028818,,9624f1ba2a09f9d3bc549003b9bf3aba9a73843c,2021-07-14T16:37:34.543Z,6081a694a0ee349d7136421b
10,53,Washington,33,King,HMGP,DR-1172-0002-R,200.1: Acquisition of Private Real Property (Structures and Land) - Riverine,,KING,8,4,Closed,KING COUNTY,0.75,1286552,964914,2001,,1998-07-02T04:00:00.000Z,2001-01-31T05:00:00.000Z,,,1172,1.125,1425795,,b30ee24568f2d8cff21339cbf475b4c1a7a9f9b6,2021-07-14T16:37:34.711Z,6081a694a0ee349d7136464b
10,53,Washington,33,King,HMGP,DR-1159-0008-R,202.3: Elevation of Public Structures - Riverine,,KING,27,27,Closed,KING COUNTY,0.75,45858,34393,2001,,1998-04-07T04:00:00.000Z,2001-04-20T04:00:00.000Z,,,1159,0.946,821832,,d57cc78615d9e8a2b9dca1f18a02b472cd12244e,2021-07-14T16:37:34.990Z,6081a695a0ee349d71364a6c
10,53,Washington,33,King,HMGP,DR-1159-0009-R,202.1: Elevation of Private Structures - Riverine,,KING,10,10,Closed,CITY OF SNOQUALMIE,0.75,418385,313789,2002,,1998-04-14T04:00:00.000Z,2000-10-06T04:00:00.000Z,,,1159,1.033,568240,,7a650939300239953fe113db2eb088dae502af2a,2021-07-14T16:37:34.991Z,6081a695a0ee349d71364a76
10,53,Washington,33,King,HMGP,DR-1159-0011-R,302.1: Landslide Stabilization - Structural,,KING,0,0,Closed,CITY OF BELLEVUE,0.75,562735,422051,2003,,1999-01-22T05:00:00.000Z,2002-05-31T04:00:00.000Z,,,1159,1.042,500000,,0125622557133888881029337c76b61d4a978e2e,2021-07-14T16:37:34.992Z,6081a695a0ee349d71364a79
10,53,Washington,33,King,HMGP,DR-4309-0005-R,205.6: Structural Retrofitting/Rehabilitating Public Structures - Seismic,,KING,1,1,Approved,Seattle,0.75,2691045,2018283.75,2003,2020-09-02T04:00:00.000Z,2020-09-02T04:00:00.000Z,,0,Statewide,4309,1.296,4182178,0,f4abcbe9cd9121c2f641a92f698df6b1f2f2080b,2021-07-14T16:37:47.525Z,6081a695a0ee349d71364ff8
10,53,Washington,33,King,HMGP,DR-1682-0012-R,"200.1: Acquisition of Private Real Property (Structures and Land) - Riverine; 
202.1: Elevation of Private Structures - Riverine",,KING,9,5,Closed,King (County),0.75,814991,611243,2003,2009-01-26T05:00:00.000Z,2013-06-18T04:00:00.000Z,2013-06-25T04:00:00.000Z,0,Statewide,1682,1.846,1504865,0,5daf9009eb8b75dac27939bd61c9e82b9ad23a57,2021-07-14T16:37:55.890Z,6081a696a0ee349d71365e8c
10,53,Washington,33,King,PDM,PDMC-PL-10-WA-2016-001,"700.4: Management Costs - Supplies; 
91.5: Local Multijurisdictional Multihazard Mitigation Plan - UPDATE",,KING,0,0,Obligated,King County Office Of Emergency Management,0.75,132665.6,99499.2,2004,2017-07-06T04:00:00.000Z,2017-06-27T20:18:20.000Z,,0,Washington State Emergency Management Division,,0,,0,3e5fe73d2107db1a1d4a0b64a53d3d9173320b77,2021-07-14T16:37:51.551Z,6081a697a0ee349d71366142
10,53,Washington,33,King,HMGP,DR-1159-0025-R,205.6: Structural Retrofitting/Rehabilitating Public Structures - Seismic,,KING,2,2,Closed,MERCER ISLAND,0.75,1297770,973328,2005,,1999-01-22T05:00:00.000Z,2000-08-01T04:00:00.000Z,,,1159,1.345,1745873,,5cb6f7cbbcd524ca2a7e804534bf163f37822a22,2021-07-14T16:37:36.728Z,6081a697a0ee349d71366856
10,53,Washington,33,King,FMA,FMA-PJ-10-WA-2009-001,202.1: Elevation of Private Structures - Riverine,,KING,3,3,Closed,King County Water & Land Resources Division,0.75,303886.5,86539.49,2005,2009-09-18T04:00:00.000Z,2009-09-19T00:13:23.000Z,2013-07-25T04:00:00.000Z,0,WA State Emergency Management Division,,2.317,699751,0,2754246b8de337f9663daa7dd4625487e18e50f8,2021-07-14T16:37:30.235Z,6081a698a0ee349d71367268
10,53,Washington,33,King,PDM,PDMC-PJ-10-WA-2005-005,205.6: Structural Retrofitting/Rehabilitating Public Structures - Seismic,,KING,1,1,Obligated,City of Seattle,0.75,713229,534921.75,2005,2005-12-06T05:00:00.000Z,2005-11-10T03:56:09.000Z,,0,Emergency Management Division,,18.846,13441471,0,7c1d9b5be0fe20ecffe120cfbac46cd619526ffc,2021-07-14T16:37:37.835Z,6081a698a0ee349d71367340
10,53,Washington,33,King,SRL,SRL-PJ-10-WA-2011-001,202.1: Elevation of Private Structures - Riverine,,KING,6,6,Closed,King County Flood Control District,0.9,755919,600764.85,2006,2011-09-27T04:00:00.000Z,2011-09-27T22:43:38.000Z,2015-04-18T04:00:00.000Z,0,Washington State Emergency Management Division,,1.941,1467392,0,99be6ab412b34815d43881061dbb8add80780e6d,2021-07-14T16:37:30.261Z,6081a698a0ee349d71367521
10,53,Washington,33,King,PDM,PDMC-PJ-10-WA-2011-009,405.1: Other Minor Flood Control,,KING,1,1,Obligated,King County Water and Land Resources Division,0.75,472625,354468.75,2006,2014-09-09T04:00:00.000Z,2014-09-09T19:32:55.000Z,,0,Washington State Emergency Management Division,,1.388,655909,0,a0d974c0ba295ed5bf804f8d711042e466720f76,2021-07-14T16:37:30.262Z,6081a698a0ee349d71367527
10,53,Washington,33,King,PDM,PDMC-PL-10-WA-2011-004,91.1: Local Multihazard Mitigation Plan,,KING,0,0,Obligated,City of Seattle,0.73,379220.62,275726.23,2007,2011-09-23T04:00:00.000Z,2011-09-20T19:43:10.000Z,,0,Washington State Emergency Management Division,,0,,0,49b561acbdb94da11f62d3669bd898354e22fbfc,2021-07-14T16:38:02.011Z,6081a699a0ee349d71368076
10,53,Washington,33,King,PDM,PDMC-PJ-10-WA-2008-005,205.6: Structural Retrofitting/Rehabilitating Public Structures - Seismic,,KING,1,1,Closed,City of Renton,0.75,363833.81,272875.36,2007,2008-07-01T04:00:00.000Z,2008-06-25T00:33:42.000Z,2012-02-22T05:00:00.000Z,0,Washington State Emergency Management Division,,2.201,1054837,0,065665071d6b8f23c547b1593f94b6e1b47909b4,2021-07-14T16:37:30.197Z,6081a699a0ee349d713683bd
10,53,Washington,33,King,HMGP,DR-1079-0019-F,"104.1: Developing, Implementing and Enforcing Codes, Standards, Ordinances and Regulations",,KING,0,0,Closed,UNIVERSITY OF WASHINGTON,0.75,26750,20063,2007,,2000-02-29T05:00:00.000Z,2000-09-07T04:00:00.000Z,,,1079,0,0,,61d58cf9abf6c0e6ca2ab805d5b3085236232650,2021-07-14T16:37:38.305Z,6081a699a0ee349d713683fd
10,53,Washington,33,King,HMGP,DR-4309-0015-P,91.5: Local Multijurisdictional Multihazard Mitigation Plan - UPDATE,,KING,0,0,Approved,King (County),0.75,275000,206250,2007,2019-10-11T04:00:00.000Z,2020-03-05T05:00:00.000Z,,0,Statewide,4309,0,0,0,718093d166a631bc7068b5f673ca48c71e433536,2021-07-14T16:37:32.343Z,6081a69aa0ee349d713691fb
10,53,Washington,33,King,HMGP,DR-4188-0017-R,200.1: Acquisition of Private Real Property (Structures and Land) - Riverine,,KING,6,0,Approved,Snoqualmie,0.75,970648,727986,2007,2017-02-24T05:00:00.000Z,2017-02-24T05:00:00.000Z,,0,Statewide,4188,1,970648,0,af1a2a77b6ca30902c607789ed062f03c1b87c4b,2021-07-14T16:37:52.617Z,6081a69ba0ee349d71369a24
10,53,Washington,33,King,HMGP,DR-1361-0019-P,91.1: Local Multihazard Mitigation Plan,,KING,0,0,Closed,King (County),0.75,100000,75000,2007,2002-10-04T04:00:00.000Z,2005-12-09T05:00:00.000Z,2005-12-09T05:00:00.000Z,0,Statewide,1361,0,0,0,b2190e972ff441aa71357d4603d08e925a8667c8,2021-07-14T16:37:49.688Z,6081a69ba0ee349d71369b7a
10,53,Washington,33,King,LPDM,LPDM-PJ-10-WA-2010-001,202.1: Elevation of Private Structures - Riverine,,KING,9,8,Closed,King County Flood Control District,0.75,941682,466047.35,2007,2012-09-25T04:00:00.000Z,2012-09-24T00:23:51.000Z,2016-11-07T05:00:00.000Z,0,Washington State Emergency Management Division,,2.988,2841758,0,6ae947193c6a9a5dec9a6fe07ac5b1d1cf0b3de2,2021-07-14T16:37:48.324Z,6081a69ca0ee349d7136a49d
10,53,Washington,33,King,PDM,PDMC-PJ-10-WA-2005-006,"403.1: Stormwater Management - Culverts; 
404.1: Localized Flood Control System to Protect Critical Facility; 
405.1: Other Minor Flood Control",,KING,2,2,Obligated,City of Issaquah,0.75,522210,391657.5,2007,2006-03-07T05:00:00.000Z,2006-03-07T03:48:59.000Z,,0,Emergency Management Division,,1.57,863164,0,8308b41d636277a67e2d4a63ec31fffefadd4217,2021-07-14T16:37:54.127Z,6081a69ca0ee349d7136b019
10,53,Washington,33,King,HMGP,DR-1671-0010-R,200.1: Acquisition of Private Real Property (Structures and Land) - Riverine,,KING,3,3,Closed,King (County),0.75,763845,572884,2007,2008-09-17T04:00:00.000Z,2015-09-28T04:00:00.000Z,2015-10-05T04:00:00.000Z,0,Statewide,1671,2.586,1975083,0,d20d77f1d1a2dda1631b07d40ef7c3ac2e0813bb,2021-07-14T16:37:31.847Z,6081a69da0ee349d7136bab6
10,53,Washington,33,King,HMGP,DR-1734-0010-R,"200.1: Acquisition of Private Real Property (Structures and Land) - Riverine; 
202.1: Elevation of Private Structures - Riverine",,KING,10,10,Closed,Snoqualmie,0.75,939956,704967,2007,2009-05-22T04:00:00.000Z,2014-11-12T05:00:00.000Z,2014-11-14T05:00:00.000Z,0,Statewide,1734,1.269,1192707,0,d67b64eacd7accd183c362bc2a5077ca41c83524,2021-07-14T16:37:32.248Z,6081a69ea0ee349d7136c221
10,53,Washington,33,King,PDM,PDMC-PL-10-WA-2003-005,91.1: Local Multihazard Mitigation Plan,,,0,0,Obligated,City of Shoreline,0.75,26071.31,19553.48,2007,2004-04-16T04:00:00.000Z,2004-03-20T02:56:03.000Z,,0,Washington State,,0,,0,1bad9b65b4c21a0545ca3ad6f42ef14c9135c13e,2021-07-14T16:37:49.249Z,6081a69ea0ee349d7136c316
10,53,Washington,33,King,HMGP,DR-0981-0016-R,601.1: Generators,,KING,0,0,Closed,SCHOOL DISTRICT #409,0.5,64400,32200,2008,,1994-12-15T05:00:00.000Z,1997-06-17T04:00:00.000Z,,,981,4.315,256090,,24368dddd303845fd2547bbdc8e6eda97687f4a9,2021-07-14T16:37:43.870Z,6081a69ea0ee349d7136c73b
10,53,Washington,33,King,HMGP,DR-4056-0005-F,"100.1: Public Awareness and Education (Brochures, Workshops, Videos, etc.)",,KING,0,0,Closed,Seattle,0.75,71905,53929,2008,2012-07-28T04:00:00.000Z,2014-01-17T05:00:00.000Z,2016-07-27T04:00:00.000Z,0,Statewide,4056,0,0,0,52943aa929438e53130407067c581e1844ba9f74,2021-07-14T16:37:46.572Z,6081a69fa0ee349d7136cc2d
10,53,Washington,33,King,SRL,SRL-PJ-10-WA-2010-001,200.1: Acquisition of Private Real Property (Structures and Land) - Riverine,,KING,2,2,Closed,King County Water and Land Resources Division,0.9,601778.97,541601.06,2008,2011-03-10T05:00:00.000Z,2011-02-23T03:08:47.000Z,2015-04-03T04:00:00.000Z,0,Washington State Emergency Management Division,,2.819,2056983,0,6fa686b74c749256fedaf4f8671a82393c228d69,2021-07-14T16:37:49.754Z,6081a69fa0ee349d7136d152
10,53,Washington,33,King,HMGP,DR-1361-0055-R,205.5: Structural Retrofitting/Rehabilitating Private Structures - Seismic,,KING,203,162,Closed,Seattle,0.75,1000000,750000,2008,2003-01-10T05:00:00.000Z,2006-08-30T04:00:00.000Z,2006-08-30T04:00:00.000Z,0,Statewide,1361,1.007,1006725,0,78ac5abbe6826f9f69efff11e0b78e79aa24124d,2021-07-14T16:37:47.727Z,6081a69fa0ee349d7136d305
10,53,Washington,33,King,HMGP,DR-1361-0067-R,205.6: Structural Retrofitting/Rehabilitating Public Structures - Seismic,,KING,3,3,Closed,SKYWAY WATER/SEWER DIST,0.75,580874,435656,2008,2004-06-23T04:00:00.000Z,2004-07-15T04:00:00.000Z,2004-07-15T04:00:00.000Z,0,Statewide,1361,1.681,1022108,0,779f41cbdef5e949674745740c4c748bd58d3674,2021-07-14T16:37:47.729Z,6081a69fa0ee349d7136d309
10,53,Washington,33,King,HMGP,DR-1361-0051-R,205.6: Structural Retrofitting/Rehabilitating Public Structures - Seismic,,KING,3,3,Closed,Kent,0.75,404893,303670,2008,2004-05-05T04:00:00.000Z,2006-03-02T05:00:00.000Z,2006-03-02T05:00:00.000Z,0,Statewide,1361,2.55,1555598,0,ca7e71e71ec5b62ed46ee5eaf7707211426ed3da,2021-07-14T16:37:31.753Z,6081a69fa0ee349d7136d3d6
10,53,Washington,33,King,HMGP,DR-1361-0027-P,91.1: Local Multihazard Mitigation Plan,,KING,0,0,Closed,HIGHLINE WATER DISTRICT,0.75,50000,37500,2008,2002-10-04T04:00:00.000Z,2005-12-09T05:00:00.000Z,2005-12-09T05:00:00.000Z,0,Statewide,1361,0,0,0,9a7fdab7165bbe843cb4a9ab0f65de79d37866d5,2021-07-14T16:37:31.752Z,6081a69fa0ee349d7136d3d9
10,53,Washington,33,King,HMGP,DR-1361-0066-P,91.1: Local Multihazard Mitigation Plan,,KING,0,0,Closed,SKYWAY WATER/SEWER DIST,0.75,54927,41196,2009,2002-10-04T04:00:00.000Z,2005-12-16T05:00:00.000Z,2005-12-16T05:00:00.000Z,0,Statewide,1361,0,0,0,70c3cc87fd2c52c763f7fe83999d2710ee40da90,2021-07-14T16:37:31.755Z,6081a69fa0ee349d7136d3dd
10,53,Washington,33,King,HMGP,DR-4056-0002-P,91.1: Local Multihazard Mitigation Plan,,KING,0,0,Closed,Covington,0.75,49625,37219,2009,2012-07-27T04:00:00.000Z,2012-07-27T04:00:00.000Z,2016-03-03T05:00:00.000Z,0,Statewide,4056,0,0,0,01142503fb741fb2c4ae58bfe91ccd2aa6013008,2021-07-14T16:37:41.145Z,6081a6a1a0ee349d7136e715
10,53,Washington,33,King,HMGP,DR-1361-0013-R,200.1: Acquisition of Private Real Property (Structures and Land) - Riverine,,KING,4,4,Closed,King (County),0.75,890459,667844,2009,2002-05-09T04:00:00.000Z,2004-08-02T04:00:00.000Z,2004-08-02T04:00:00.000Z,0,Statewide,1361,1.005,906338,0,4b9e8d7dcfc63b10710f76e02c2ec6ad436ccf2a,2021-07-14T16:37:33.594Z,6081a6a3a0ee349d7137039b
10,53,Washington,33,King,FMA,FMA-PJ-10-WA-2007-001,202.1: Elevation of Private Structures - Riverine,,KING,9,9,Closed,King County Water and Land Resources Division,0.75,657186.96,492890.22,2009,2007-09-11T04:00:00.000Z,2007-09-10T02:34:28.000Z,2011-12-01T05:00:00.000Z,0,WA State Emergency Management Division,,4.754,3170689,0,2ea602bac928c2377943cceec046ab84beb33387,2021-07-14T16:37:55.936Z,6081a6a3a0ee349d7137071a
10,53,Washington,33,King,FMA,FMA-PJ-10-WA-2010-001,200.1: Acquisition of Private Real Property (Structures and Land) - Riverine,,KING,4,4,Obligated,King County Water and Land Resources Division,0.83,788046.01,372688.85,2009,2010-09-27T04:00:00.000Z,2010-09-24T19:46:23.000Z,,0,WA State Emergency Management Division,,2.075,3777586,0,a12dbe65abaef1a3c955f148fb618e5e362263ee,2021-07-14T16:37:56.290Z,6081a6a3a0ee349d71370c36
10,53,Washington,33,King,FMA,FMA-PJ-10-WA-2011-001,202.1: Elevation of Private Structures - Riverine,,KING,10,10,Closed,City of Snoqualmie,0.75,952544.25,598097.1,2009,2011-09-23T04:00:00.000Z,2011-09-22T01:13:40.000Z,2018-02-06T05:00:00.000Z,0,Washington State Emergency Management Division,,1.225,1166560,0,625166a57a6dd19a778c9ce246ab7ee991ef051f,2021-07-14T16:37:56.292Z,6081a6a3a0ee349d71370c3c
10,53,Washington,33,King,FMA,FMA-PL-10WA-2003001,FMA Plan,,KING,0,0,Awarded,"North Bend, City Of",0.75,21467,16100,2009,,,,,,,0,,,8b043a52d1e556f33447ddd3c549b03a48e9f3ce,2021-07-14T16:38:00.492Z,6081a6a3a0ee349d71370eef
10,53,Washington,33,King,FMA,FMA-TA-10WA-2003001,,,KING,0,0,Awarded,"North Bend, City Of",0.75,17920,13440,2010,,2003-09-15T04:00:00.000Z,,,,,0,,,822fe8a7740e5f4f14a04952f9b3a8d88aaac569,2021-07-14T16:38:00.869Z,6081a6a4a0ee349d71371767
10,53,Washington,33,King,HMGP,DR-1100-0004-R,405.1: Other Minor Flood Control,,KING,0,0,Closed,CITY OF ISSAQUAH,0.75,964059,723044,2010,,1997-10-15T04:00:00.000Z,1999-09-01T04:00:00.000Z,,,1100,1.088,1776501,,47883148cda4a958258b268fb5e6286f901c9ece,2021-07-14T16:38:01.634Z,6081a6a5a0ee349d71372031
10,53,Washington,33,King,HMGP,DR-1100-0006-R,205.6: Structural Retrofitting/Rehabilitating Public Structures - Seismic,,KING,2,2,Closed,CITY OF SEATTLE,0.75,941061,705796,2010,,1997-12-18T05:00:00.000Z,2000-08-04T04:00:00.000Z,,,1100,1.929,1653005,,99e4d938e13e9c4bb8def59db2e267fae513d885,2021-07-14T16:37:35.663Z,6081a6a5a0ee349d713720c9
10,53,Washington,33,King,HMGP,DR-4249-0007-R,403.1: Stormwater Management - Culverts,,KING,0,0,Approved,Skykomish,0.75,150000,112500,2011,2018-11-14T05:00:00.000Z,2018-11-14T05:00:00.000Z,,0,Statewide,4249,1.286,2347824,0,b08b8d257da3ca816e475f6f749e2f13665913f7,2021-07-14T16:38:00.625Z,6081a6a5a0ee349d713728b9
10,53,Washington,33,King,HMGP,DR-1079-0011-R,403.1: Stormwater Management - Culverts,,KING,0,0,Closed,WASHINGTON STATE PARKS AND RECREATION,0.75,309535,232152,2011,,1997-02-27T05:00:00.000Z,1999-02-19T05:00:00.000Z,,,1079,2.359,340318,,ae7f658126bb3726c7d66e5ff93273f82082be51,2021-07-14T16:38:01.951Z,6081a6a6a0ee349d713729a6
10,53,Washington,33,King,LPDM,LPDM-PL-10-WA-2008-004,91.1: Local Multihazard Mitigation Plan,,KING,0,0,Closed,City of Redmond,0.75,60000,45000,2011,2008-09-26T04:00:00.000Z,2008-09-26T20:26:43.000Z,2011-05-09T04:00:00.000Z,0,Washington State Emergency Management Division,,0,,0,87e06550ee33386a9785645fdb8858a018ba8e09,2021-07-14T16:37:58.067Z,6081a6a6a0ee349d71372fad
10,53,Washington,33,King,FMA,FMA-PJ-10WA-2001001,"200.1: Acquisition of Private Real Property (Structures and Land) - Riverine; 
800.1: Miscellaneous",,KING,1,1,Approved,"Snoqualmie, City Of",0.75,223560,167670,2011,,2001-07-02T04:00:00.000Z,,,,,1.525,340922,,eefd498c0397175238713468989cbfc461105e3e,2021-07-14T16:37:58.388Z,6081a6a6a0ee349d7137301c
10,53,Washington,33,King,FMA,FMA-PJ-10WA-2002001,202.1: Elevation of Private Structures - Riverine,,KING,7,3,Closed,"Snoqualmie, City Of",0.75,150270,112703,2011,,2002-07-12T04:00:00.000Z,2003-09-25T04:00:00.000Z,,,,1.672,311215,,f486cbc76b364762dc98a0788ee572cdf7e26a86,2021-07-14T16:37:58.679Z,6081a6a7a0ee349d713739ab
10,53,Washington,33,King,HMGP,DR-1079-0010-R,202.1: Elevation of Private Structures - Riverine,,KING,16,15,Closed,CITY OF SNOQUALMIE,0.75,671443,503582,2011,,1996-11-29T05:00:00.000Z,2000-02-29T05:00:00.000Z,,,1079,1.482,415596,,da1db55c07854d2d10cdc3d4da1f9cd3fddbcad2,2021-07-14T16:37:55.806Z,6081a6a7a0ee349d71373cb2
10,53,Washington,33,King,HMGP,DR-0852-0006-R,403.2: Stormwater Management - Diversions,,KING,0,0,Closed,RENTON,0.5,513396,256698,2011,,1993-06-23T04:00:00.000Z,1997-10-31T05:00:00.000Z,,,852,1.138,416778,,26c6c3d427b53a19c6c62c889d51d8d5808e87c9,2021-07-14T16:37:55.841Z,6081a6a7a0ee349d71373d4f
10,53,Washington,33,King,HMGP,DR-1079-0009-R,205.4: Non Structural Retrofitting/Rehabilitating Public Structures - Seismic,,KING,4,4,Closed,CITY OF SEATTLE,0.75,500000,375000,2011,,1996-12-16T05:00:00.000Z,1998-07-17T04:00:00.000Z,,,1079,1.333,500000,,b0547fd5a94b0e5e06815b34032b3bc9937e147d,2021-07-14T16:37:56.161Z,6081a6a7a0ee349d7137414d
10,53,Washington,33,King,HMGP,DR-0883-0010-R,403.1: Stormwater Management - Culverts,,KING,0,0,Closed,CITY OF SNOQUALMIE,0.5,100000,50000,2012,,1993-11-03T05:00:00.000Z,1996-11-13T05:00:00.000Z,,,883,1.283,155110,,cce7cc722f52ab83a1123fa8b350a328fee77536,2021-07-14T16:37:43.884Z,6081a6a7a0ee349d71374155
10,53,Washington,33,King,HMGP,DR-0883-0014-R,402.1: Infrastructure Protective Measures (Roads and Bridges),,KING,0,0,Closed,DES MOINES,0.5,75000,37500,2012,,1994-04-12T04:00:00.000Z,1997-04-24T04:00:00.000Z,,,883,4.59,312930,,81d10a5e62cd81c8dae38d7cecc4b5cd3be260ff,2021-07-14T16:37:56.165Z,6081a6a7a0ee349d71374157
10,53,Washington,33,King,HMGP,DR-1079-0003-R,200.1: Acquisition of Private Real Property (Structures and Land) - Riverine,,KING,1,1,Closed,AUBURN,0.75,107126,80344,2012,,1996-04-25T04:00:00.000Z,1997-12-11T05:00:00.000Z,,,1079,4.484,937654,,c116772660ebf7cab6b4177aaafc63fdf0c975ef,2021-07-14T16:37:56.185Z,6081a6a7a0ee349d713741a6
10,53,Washington,33,King,HMGP,DR-0883-0005-R,200.1: Acquisition of Private Real Property (Structures and Land) - Riverine,,KING,2,2,Closed,KING COUNTY,0.5,393875,196938,2012,,1995-04-06T04:00:00.000Z,1997-07-17T04:00:00.000Z,,,883,2.598,1169000,,7126113ee1bd4c9bb52207400390d50d8167115b,2021-07-14T16:37:56.208Z,6081a6a7a0ee349d71374204
10,53,Washington,33,King,HMGP,DR-0883-0009-R,403.2: Stormwater Management - Diversions,,KING,0,0,Closed,KING COUNTY,0.5,72678,36339,2014,,1994-10-13T04:00:00.000Z,1997-06-16T04:00:00.000Z,,,883,0,,,fedb73eb9a7023e46b08c19d15ffe8f8b02335f6,2021-07-14T16:37:56.209Z,6081a6a7a0ee349d7137420c
10,53,Washington,33,King,HMGP,DR-0883-0013-R,"500.2: Flood Control - Berm, Levee, or Dike",,KING,0,0,Closed,KING COUNTY,0.5,1320332,660166,2014,,1994-11-28T05:00:00.000Z,1997-07-17T04:00:00.000Z,,,883,90.97,115000000,,5146e765e1596f5dffc0b7ea9b2e04daa9920ebd,2021-07-14T16:37:56.221Z,6081a6a7a0ee349d71374251
10,53,Washington,33,King,HMGP,DR-1361-0038-P,91.1: Local Multihazard Mitigation Plan,,KING,0,0,Closed,Seattle,0.75,93170,69878,2016,2002-10-16T04:00:00.000Z,2005-12-20T05:00:00.000Z,2005-12-20T05:00:00.000Z,0,Statewide,1361,0,0,0,1fc3b83603988428917bb9031f99f8300b4d1f3c,2021-07-14T16:37:49.388Z,6081a6a7a0ee349d71374370
10,53,Washington,33,King,HMGP,DR-1079-0005-R,200.1: Acquisition of Private Real Property (Structures and Land) - Riverine,,KING,3,3,Closed,KING COUNTY,0.75,365348,274011,2016,,1996-11-29T05:00:00.000Z,1998-08-19T04:00:00.000Z,,,1079,1.265,470879,,f0c0be23ea3a2fef7360cf56ecd7c6c50233cc1e,2021-07-14T16:37:44.213Z,6081a6a8a0ee349d71374729
10,53,Washington,33,King,HMGP,DR-1682-0013-R,205.6: Structural Retrofitting/Rehabilitating Public Structures - Seismic,,KING,1,1,Closed,Seattle,0.75,589056,441792,2016,2009-10-20T04:00:00.000Z,2013-07-17T04:00:00.000Z,2013-07-17T04:00:00.000Z,0,Statewide,1682,12.929,7616159,0,b9b2fd2e6174d7eef889a5e9af8474500d4ae29b,2021-07-14T16:37:35.625Z,6081a6a8a0ee349d71374e1e
10,53,Washington,33,King,HMGP,DR-1159-0010-R,302.1: Landslide Stabilization - Structural,,KING,0,0,Closed,CITY OF SEATTLE,0.56,2000000,1125000,2016,,1999-01-22T05:00:00.000Z,2001-02-02T05:00:00.000Z,,,1159,1.778,2000000,,8a45f8add1574b62b33001401f4a1a9132152499,2021-07-14T16:37:57.828Z,6081a6a9a0ee349d71375e71
10,53,Washington,33,King,HMGP,DR-1641-0001-P,91.1: Local Multihazard Mitigation Plan,,KING,0,0,Closed,Bellevue,0.75,15282,11461,2016,2006-11-06T05:00:00.000Z,2012-06-29T04:00:00.000Z,2012-06-29T04:00:00.000Z,0,Statewide,1641,0,0,0,8541978301c8bdd0c231a3370ebe41876279c1cd,2021-07-14T16:37:50.437Z,6081a6a9a0ee349d71375f1c
10,53,Washington,33,King,HMGP,DR-1682-0010-R,202.1: Elevation of Private Structures - Riverine,,KING,6,6,Closed,Snoqualmie,0.75,745623,559217,2017,2008-12-08T05:00:00.000Z,2012-08-21T04:00:00.000Z,2013-01-14T05:00:00.000Z,0,Statewide,1682,1.027,774065,0,ef4bc288fd390183e6bbe6b8ad779f9273288927,2021-07-14T16:37:50.722Z,6081a6aaa0ee349d713762d0
10,53,Washington,33,King,HMGP,DR-1682-0009-R,205.4: Non Structural Retrofitting/Rehabilitating Public Structures - Seismic,,KING,1,1,Closed,UNIVERSITY OF WASHINGTON,0.75,799298,599473,2017,2008-12-06T05:00:00.000Z,2013-09-13T04:00:00.000Z,2013-10-07T04:00:00.000Z,0,Statewide,1682,1.188,969376,0,b4d821c7239cafbfcdf171ee0de27ad13e218c84,2021-07-14T16:37:50.723Z,6081a6aaa0ee349d713762df
10,53,Washington,33,King,HMGP,DR-1734-0023-R,"200.1: Acquisition of Private Real Property (Structures and Land) - Riverine; 
203.1: Wet Floodproofing Private Structures - Riverine",,KING,4,4,Closed,King (County),0.75,927234,695426,2018,2009-09-15T04:00:00.000Z,2013-10-28T04:00:00.000Z,2013-10-28T04:00:00.000Z,0,Statewide,1734,1.548,1446233,0,d125da67f298cccea555cb67fdd9b9f89cfcaced,2021-07-14T16:37:50.889Z,6081a6aaa0ee349d7137667c
10,53,Washington,33,King,HMGP,DR-4243-0012-R,205.6: Structural Retrofitting/Rehabilitating Public Structures - Seismic,,KING,1,1,Closed,Seattle,0.75,559967.05,419975.54,2020,2017-05-30T04:00:00.000Z,2020-11-03T05:00:00.000Z,2020-11-05T05:00:00.000Z,0,Statewide,4243,1.814,3191966,0,2d0aac713a47281fdc2ba21b6954927baba7dcfb,2021-07-14T16:37:52.913Z,6081a6aba0ee349d71376e85
